{
	"info": {
		"_postman_id": "5439676b-313d-4e9d-ad8d-fca62c02e94c",
		"name": "ACT-02",
		"schema": "https://schema.getpostman.com/json/collection/v2.1.0/collection.json"
	},
	"item": [
		{
			"name": "-ROOT",
			"request": {
				"method": "GET",
				"header": [],
				"url": {
					"raw": "http://localhost:8001/api/",
					"protocol": "http",
					"host": [
						"localhost"
					],
					"port": "8001",
					"path": [
						"api",
						""
					]
				}
			},
			"response": []
		},
		{
			"name": "1.create-post",
			"request": {
				"method": "POST",
				"header": [],
				"body": {
					"mode": "raw",
					"raw": "{\n    \"author\": \"Leonardo Marques\",\n    \"text\": \"Devuelve 200 OK con detalle de un Post JSON almacenado en la Base de Datos en memoria tras modificar sus atributos con lo indicado en el body\",\n    \"title\": \"Post saved\"\n}",
					"options": {
						"raw": {
							"language": "json"
						}
					}
				},
				"url": {
					"raw": "http://localhost:8001/api/posts",
					"protocol": "http",
					"host": [
						"localhost"
					],
					"port": "8001",
					"path": [
						"api",
						"posts"
					]
				}
			},
			"response": []
		},
		{
			"name": "2.list-all",
			"request": {
				"method": "GET",
				"header": [],
				"url": {
					"raw": "http://localhost:8001/api/posts",
					"protocol": "http",
					"host": [
						"localhost"
					],
					"port": "8001",
					"path": [
						"api",
						"posts"
					]
				}
			},
			"response": []
		},
		{
			"name": "3.post-detail",
			"request": {
				"method": "GET",
				"header": [],
				"url": {
					"raw": "http://localhost:8001/api/posts/61799b382fe8f0c22059d5fd",
					"protocol": "http",
					"host": [
						"localhost"
					],
					"port": "8001",
					"path": [
						"api",
						"posts",
						"61799b382fe8f0c22059d5fd"
					]
				}
			},
			"response": []
		},
		{
			"name": "4.post-update",
			"request": {
				"method": "PATCH",
				"header": [],
				"body": {
					"mode": "raw",
					"raw": "{\n    \"text\": \"text updated!\",\n    \"title\": \"My first post\"\n}",
					"options": {
						"raw": {
							"language": "json"
						}
					}
				},
				"url": {
					"raw": "http://localhost:8001/api/posts/61799b382fe8f0c22059d5fd",
					"protocol": "http",
					"host": [
						"localhost"
					],
					"port": "8001",
					"path": [
						"api",
						"posts",
						"61799b382fe8f0c22059d5fd"
					]
				}
			},
			"response": []
		},
		{
			"name": "5.post-delete",
			"request": {
				"method": "DELETE",
				"header": [],
				"url": {
					"raw": "http://localhost:8001/api/posts/61799b382fe8f0c22059d5fd",
					"protocol": "http",
					"host": [
						"localhost"
					],
					"port": "8001",
					"path": [
						"api",
						"posts",
						"61799b382fe8f0c22059d5fd"
					]
				}
			},
			"response": []
		}
	]
}