{
	"info": {
		"_postman_id": "5439676b-313d-4e9d-ad8d-fca62c02e94c",
		"name": "Arq.Server.FS",
		"schema": "https://schema.getpostman.com/json/collection/v2.1.0/collection.json"
	},
	"item": [
		{
			"name": "-ROOT",
			"request": {
				"method": "GET",
				"header": [],
				"url": {
					"raw": "http://localhost:8001/api/",
					"protocol": "http",
					"host": [
						"localhost"
					],
					"port": "8001",
					"path": [
						"api",
						""
					]
				}
			},
			"response": []
		},
		{
			"name": "create-post",
			"request": {
				"method": "POST",
				"header": [],
				"body": {
					"mode": "raw",
					"raw": "{\n    \"author\": \"Leonardo Marques\",\n    \"text\": \"Devuelve 200 OK con detalle de un Post JSON almacenado en la Base de Datos en memoria tras modificar sus atributos con lo indicado en el body\",\n    \"title\": \"Post saved\"\n}",
					"options": {
						"raw": {
							"language": "json"
						}
					}
				},
				"url": {
					"raw": "http://localhost:8001/api/posts",
					"protocol": "http",
					"host": [
						"localhost"
					],
					"port": "8001",
					"path": [
						"api",
						"posts"
					]
				}
			},
			"response": []
		},
		{
			"name": "list-post",
			"request": {
				"method": "GET",
				"header": [],
				"url": {
					"raw": "http://localhost:8001/api/posts",
					"protocol": "http",
					"host": [
						"localhost"
					],
					"port": "8001",
					"path": [
						"api",
						"posts"
					]
				}
			},
			"response": []
		},
		{
			"name": "detail-post",
			"request": {
				"method": "GET",
				"header": [],
				"url": {
					"raw": "http://localhost:8001/api/posts/61799b382fe8f0c22059d5fd",
					"protocol": "http",
					"host": [
						"localhost"
					],
					"port": "8001",
					"path": [
						"api",
						"posts",
						"61799b382fe8f0c22059d5fd"
					]
				}
			},
			"response": []
		},
		{
			"name": "update-post",
			"request": {
				"method": "PATCH",
				"header": [],
				"body": {
					"mode": "raw",
					"raw": "{\n    \"text\": \"text updated!\",\n    \"title\": \"My first post\"\n}",
					"options": {
						"raw": {
							"language": "json"
						}
					}
				},
				"url": {
					"raw": "http://localhost:8001/api/posts/61799b382fe8f0c22059d5fd",
					"protocol": "http",
					"host": [
						"localhost"
					],
					"port": "8001",
					"path": [
						"api",
						"posts",
						"61799b382fe8f0c22059d5fd"
					]
				}
			},
			"response": []
		},
		{
			"name": "delete-post",
			"request": {
				"method": "DELETE",
				"header": [],
				"url": {
					"raw": "http://localhost:8001/api/posts/61799b382fe8f0c22059d5fd",
					"protocol": "http",
					"host": [
						"localhost"
					],
					"port": "8001",
					"path": [
						"api",
						"posts",
						"61799b382fe8f0c22059d5fd"
					]
				}
			},
			"response": []
		},
		{
			"name": "create-user",
			"request": {
				"method": "POST",
				"header": [],
				"body": {
					"mode": "raw",
					"raw": "{\n    \"name\": \"Leonardo Marques\",\n    \"email\": \"account@gmail.com\",\n    \"password\": \"pwd.123456\"\n}",
					"options": {
						"raw": {
							"language": "json"
						}
					}
				},
				"url": {
					"raw": "http://localhost:8001/api/users",
					"protocol": "http",
					"host": [
						"localhost"
					],
					"port": "8001",
					"path": [
						"api",
						"users"
					]
				}
			},
			"response": []
		},
		{
			"name": "list-users",
			"protocolProfileBehavior": {
				"disableBodyPruning": true
			},
			"request": {
				"method": "GET",
				"header": [],
				"body": {
					"mode": "raw",
					"raw": "",
					"options": {
						"raw": {
							"language": "json"
						}
					}
				},
				"url": {
					"raw": "http://localhost:8001/api/users",
					"protocol": "http",
					"host": [
						"localhost"
					],
					"port": "8001",
					"path": [
						"api",
						"users"
					]
				}
			},
			"response": []
		},
		{
			"name": "detail-user",
			"protocolProfileBehavior": {
				"disableBodyPruning": true
			},
			"request": {
				"method": "GET",
				"header": [],
				"body": {
					"mode": "raw",
					"raw": "",
					"options": {
						"raw": {
							"language": "json"
						}
					}
				},
				"url": {
					"raw": "http://localhost:8001/api/users/617ff0f9087bc21f47ccf04c",
					"protocol": "http",
					"host": [
						"localhost"
					],
					"port": "8001",
					"path": [
						"api",
						"users",
						"617ff0f9087bc21f47ccf04c"
					]
				}
			},
			"response": []
		},
		{
			"name": "login-users",
			"protocolProfileBehavior": {
				"followAuthorizationHeader": true,
				"disableCookies": false
			},
			"request": {
				"method": "POST",
				"header": [],
				"body": {
					"mode": "raw",
					"raw": "{\n    \"email\": \"account@gmail.com\",\n    \"password\": \"pwd.123456\"\n}",
					"options": {
						"raw": {
							"language": "json"
						}
					}
				},
				"url": {
					"raw": "http://localhost:8001/api/login",
					"protocol": "http",
					"host": [
						"localhost"
					],
					"port": "8001",
					"path": [
						"api",
						"login"
					]
				}
			},
			"response": []
		},
		{
			"name": "logout-users",
			"request": {
				"method": "POST",
				"header": [],
				"body": {
					"mode": "raw",
					"raw": "",
					"options": {
						"raw": {
							"language": "json"
						}
					}
				},
				"url": {
					"raw": "http://localhost:8001/api/logout",
					"protocol": "http",
					"host": [
						"localhost"
					],
					"port": "8001",
					"path": [
						"api",
						"logout"
					]
				}
			},
			"response": []
		}
	]
}