{
	"info": {
		"_postman_id": "5439676b-313d-4e9d-ad8d-fca62c02e94c",
		"name": "Arq.Server.FS",
		"schema": "https://schema.getpostman.com/json/collection/v2.1.0/collection.json"
	},
	"item": [
		{
			"name": "-ROOT",
			"event": [
				{
					"listen": "test",
					"script": {
						"exec": [
							"pm.test(\"Successful request\", function () {",
							"    pm.expect(pm.response.code).to.be.oneOf([200]);",
							"});"
						],
						"type": "text/javascript"
					}
				}
			],
			"request": {
				"method": "GET",
				"header": [],
				"url": {
					"raw": "{{my_url}}/api/",
					"host": [
						"{{my_url}}"
					],
					"path": [
						"api",
						""
					]
				}
			},
			"response": []
		},
		{
			"name": "create-user",
			"event": [
				{
					"listen": "test",
					"script": {
						"exec": [
							"var jsonData = pm.response.json();",
							"pm.environment.set(\"user_email\", jsonData.email);",
							"pm.environment.set(\"user_id\", jsonData.id);",
							"",
							"pm.test(\"Successful request\", function () {",
							"    pm.expect(pm.response.code).to.be.oneOf([201]);",
							"});"
						],
						"type": "text/javascript"
					}
				}
			],
			"request": {
				"method": "POST",
				"header": [],
				"body": {
					"mode": "raw",
					"raw": "{\n    \"name\": \"Leonardo Marques\",\n    \"email\": \"leonardo@pache.eng.br\",\n    \"password\": \"{{user_pwd}}\"\n}",
					"options": {
						"raw": {
							"language": "json"
						}
					}
				},
				"url": {
					"raw": "{{my_url}}/api/users",
					"host": [
						"{{my_url}}"
					],
					"path": [
						"api",
						"users"
					]
				}
			},
			"response": []
		},
		{
			"name": "user-activate",
			"event": [
				{
					"listen": "test",
					"script": {
						"exec": [
							"pm.test(\"Successful request\", function () {",
							"    pm.expect(pm.response.code).to.be.oneOf([200]);",
							"});"
						],
						"type": "text/javascript"
					}
				}
			],
			"protocolProfileBehavior": {
				"disableBodyPruning": true
			},
			"request": {
				"method": "GET",
				"header": [],
				"body": {
					"mode": "raw",
					"raw": "",
					"options": {
						"raw": {
							"language": "json"
						}
					}
				},
				"url": {
					"raw": "{{my_url}}/api/users/{{user_id}}/activate",
					"host": [
						"{{my_url}}"
					],
					"path": [
						"api",
						"users",
						"{{user_id}}",
						"activate"
					]
				}
			},
			"response": []
		},
		{
			"name": "login-users",
			"event": [
				{
					"listen": "test",
					"script": {
						"exec": [
							"pm.test(\"Successful request\", function () {",
							"    pm.expect(pm.response.code).to.be.oneOf([200]);",
							"});"
						],
						"type": "text/javascript"
					}
				}
			],
			"protocolProfileBehavior": {
				"followAuthorizationHeader": true,
				"disableCookies": false
			},
			"request": {
				"method": "POST",
				"header": [],
				"body": {
					"mode": "raw",
					"raw": "{\n    \"email\": \"{{user_email}}\",\n    \"password\": \"{{user_pwd}}\"\n}",
					"options": {
						"raw": {
							"language": "json"
						}
					}
				},
				"url": {
					"raw": "{{my_url}}/api/login",
					"host": [
						"{{my_url}}"
					],
					"path": [
						"api",
						"login"
					]
				}
			},
			"response": []
		},
		{
			"name": "detail-user",
			"event": [
				{
					"listen": "test",
					"script": {
						"exec": [
							"pm.test(\"Successful request\", function () {",
							"    pm.expect(pm.response.code).to.be.oneOf([200]);",
							"});"
						],
						"type": "text/javascript"
					}
				}
			],
			"protocolProfileBehavior": {
				"disableBodyPruning": true
			},
			"request": {
				"method": "GET",
				"header": [],
				"body": {
					"mode": "raw",
					"raw": "",
					"options": {
						"raw": {
							"language": "json"
						}
					}
				},
				"url": {
					"raw": "{{my_url}}/api/users/{{user_id}}",
					"host": [
						"{{my_url}}"
					],
					"path": [
						"api",
						"users",
						"{{user_id}}"
					]
				}
			},
			"response": []
		},
		{
			"name": "create-post",
			"event": [
				{
					"listen": "test",
					"script": {
						"exec": [
							"var jsonData = pm.response.json();",
							"pm.environment.set(\"post_id\", jsonData.id);",
							"",
							"pm.test(\"Successful request\", function () {",
							"    pm.expect(pm.response.code).to.be.oneOf([201]);",
							"});"
						],
						"type": "text/javascript"
					}
				}
			],
			"request": {
				"method": "POST",
				"header": [],
				"body": {
					"mode": "formdata",
					"formdata": [
						{
							"key": "author",
							"value": "Leonardo ",
							"type": "text"
						},
						{
							"key": "text",
							"value": "Devuelve 200 OK con detalle de un Post JSON almacenado en la Base de Datos en memoria tras modificar sus atributos con lo indicado en el body",
							"type": "text"
						},
						{
							"key": "title",
							"value": "Http status 200",
							"type": "text"
						},
						{
							"key": "image",
							"type": "file",
							"src": "/Volumes/SWAP/Downloads/image.jpg"
						}
					],
					"options": {
						"raw": {
							"language": "json"
						}
					}
				},
				"url": {
					"raw": "{{my_url}}/api/posts",
					"host": [
						"{{my_url}}"
					],
					"path": [
						"api",
						"posts"
					]
				}
			},
			"response": []
		},
		{
			"name": "list-post",
			"event": [
				{
					"listen": "test",
					"script": {
						"exec": [
							"pm.test(\"Successful request\", function () {",
							"    pm.expect(pm.response.code).to.be.oneOf([200]);",
							"});"
						],
						"type": "text/javascript"
					}
				}
			],
			"request": {
				"method": "GET",
				"header": [],
				"url": {
					"raw": "{{my_url}}/api/posts",
					"host": [
						"{{my_url}}"
					],
					"path": [
						"api",
						"posts"
					]
				}
			},
			"response": []
		},
		{
			"name": "list-users",
			"event": [
				{
					"listen": "test",
					"script": {
						"exec": [
							"pm.test(\"Successful request\", function () {",
							"    pm.expect(pm.response.code).to.be.oneOf([200]);",
							"});"
						],
						"type": "text/javascript"
					}
				}
			],
			"protocolProfileBehavior": {
				"disableBodyPruning": true
			},
			"request": {
				"method": "GET",
				"header": [],
				"body": {
					"mode": "raw",
					"raw": "",
					"options": {
						"raw": {
							"language": "json"
						}
					}
				},
				"url": {
					"raw": "{{my_url}}/api/users",
					"host": [
						"{{my_url}}"
					],
					"path": [
						"api",
						"users"
					]
				}
			},
			"response": []
		},
		{
			"name": "detail-post",
			"event": [
				{
					"listen": "test",
					"script": {
						"exec": [
							"pm.test(\"Successful request\", function () {",
							"    pm.expect(pm.response.code).to.be.oneOf([200]);",
							"});"
						],
						"type": "text/javascript"
					}
				}
			],
			"request": {
				"method": "GET",
				"header": [],
				"url": {
					"raw": "{{my_url}}/api/posts/{{post_id}}",
					"host": [
						"{{my_url}}"
					],
					"path": [
						"api",
						"posts",
						"{{post_id}}"
					]
				}
			},
			"response": []
		},
		{
			"name": "delete-post",
			"event": [
				{
					"listen": "test",
					"script": {
						"exec": [
							"pm.test(\"Successful request\", function () {",
							"    pm.expect(pm.response.code).to.be.oneOf([204]);",
							"});"
						],
						"type": "text/javascript"
					}
				}
			],
			"request": {
				"method": "DELETE",
				"header": [],
				"url": {
					"raw": "{{my_url}}/api/posts/{{post_id}}",
					"host": [
						"{{my_url}}"
					],
					"path": [
						"api",
						"posts",
						"{{post_id}}"
					]
				}
			},
			"response": []
		},
		{
			"name": "logout-users",
			"event": [
				{
					"listen": "test",
					"script": {
						"exec": [
							"pm.test(\"Successful request\", function () {",
							"    pm.expect(pm.response.code).to.be.oneOf([204]);",
							"});"
						],
						"type": "text/javascript"
					}
				}
			],
			"request": {
				"method": "POST",
				"header": [],
				"body": {
					"mode": "raw",
					"raw": "",
					"options": {
						"raw": {
							"language": "json"
						}
					}
				},
				"url": {
					"raw": "{{my_url}}/api/logout",
					"host": [
						"{{my_url}}"
					],
					"path": [
						"api",
						"logout"
					]
				}
			},
			"response": []
		},
		{
			"name": "update-post",
			"event": [
				{
					"listen": "test",
					"script": {
						"exec": [
							"pm.test(\"Successful request\", function () {",
							"    pm.expect(pm.response.code).to.be.oneOf([401]);",
							"});"
						],
						"type": "text/javascript"
					}
				}
			],
			"request": {
				"method": "PATCH",
				"header": [],
				"body": {
					"mode": "raw",
					"raw": "{\n    \"text\": \"text updated!\",\n    \"title\": \"My first post\"\n}",
					"options": {
						"raw": {
							"language": "json"
						}
					}
				},
				"url": {
					"raw": "{{my_url}}/api/posts/61799b382fe8f0c22059d5fd",
					"host": [
						"{{my_url}}"
					],
					"path": [
						"api",
						"posts",
						"61799b382fe8f0c22059d5fd"
					]
				}
			},
			"response": []
		}
	]
}