{
	"id": "b9ad139a-4044-408f-ba86-9664b9731c23",
	"name": "Heroku_act4",
	"values": [
		{
			"key": "user_id",
			"value": "",
			"enabled": true
		},
		{
			"key": "user_pwd",
			"value": "pwd.123456",
			"enabled": true
		},
		{
			"key": "user_email",
			"value": "",
			"enabled": true
		},
		{
			"key": "post_id",
			"value": "",
			"enabled": true
		},
		{
			"key": "my_url",
			"value": "https://master-fs-arq-serv.herokuapp.com",
			"enabled": true
		}
	],
	"_postman_variable_scope": "environment",
	"_postman_exported_at": "2021-11-11T22:41:13.430Z",
	"_postman_exported_using": "Postman/8.11.1"
}