{
	"info": {
		"_postman_id": "eaa5d48c-3754-42f2-b160-aad1f176211c",
		"name": "Employees",
		"schema": "https://schema.getpostman.com/json/collection/v2.1.0/collection.json"
	},
	"item": [
		{
			"name": "Employees",
			"item": [
				{
					"name": "Get employee path param",
					"request": {
						"method": "GET",
						"header": [],
						"url": {
							"raw": "http://localhost:8000/api/employees/BOBd",
							"protocol": "http",
							"host": [
								"localhost"
							],
							"port": "8000",
							"path": [
								"api",
								"employees",
								"BOBd"
							]
						}
					},
					"response": []
				},
				{
					"name": "Get all employees",
					"request": {
						"method": "GET",
						"header": [],
						"url": {
							"raw": "http://localhost:8000/api/employees",
							"protocol": "http",
							"host": [
								"localhost"
							],
							"port": "8000",
							"path": [
								"api",
								"employees"
							]
						}
					},
					"response": []
				},
				{
					"name": "Get all oldest employees",
					"request": {
						"method": "GET",
						"header": [],
						"url": {
							"raw": "http://localhost:8000/api/employees/oldest",
							"protocol": "http",
							"host": [
								"localhost"
							],
							"port": "8000",
							"path": [
								"api",
								"employees",
								"oldest"
							]
						}
					},
					"response": []
				},
				{
					"name": "Post employee",
					"request": {
						"method": "POST",
						"header": [],
						"body": {
							"mode": "raw",
							"raw": "{\n        \"name\": \"Leonardo\",\n        \"age\": 56,\n        \"phone\": {\n            \"personal\": \"555-123-123\",\n            \"work\": \"555-456-456\",\n            \"ext\": \"5623\"\n        },\n        \"privileges\": \"user\",\n        \"favorites\": {\n            \"food\": \"pizza\",\n            \"artist\": \"Picasso\"\n        },\n        \"finished\": [\n            18,\n            12\n        ],\n        \"badges\": [\n            \"orange\"\n        ],\n        \"points\": [\n            {\n                \"points\": 78,\n                \"bonus\": 8\n            },\n            {\n                \"points\": 57,\n                \"bonus\": 7\n            }\n        ]\n    }",
							"options": {
								"raw": {
									"language": "json"
								}
							}
						},
						"url": {
							"raw": "http://localhost:8000/api/employees",
							"protocol": "http",
							"host": [
								"localhost"
							],
							"port": "8000",
							"path": [
								"api",
								"employees"
							]
						}
					},
					"response": []
				},
				{
					"name": "Ger employees query PAGE",
					"request": {
						"method": "GET",
						"header": [],
						"url": {
							"raw": "http://localhost:8000/api/employees?page=1",
							"protocol": "http",
							"host": [
								"localhost"
							],
							"port": "8000",
							"path": [
								"api",
								"employees"
							],
							"query": [
								{
									"key": "page",
									"value": "1"
								}
							]
						}
					},
					"response": []
				},
				{
					"name": "Ger employees query USER",
					"request": {
						"method": "GET",
						"header": [],
						"url": {
							"raw": "http://localhost:8000/api/employees?user=true",
							"protocol": "http",
							"host": [
								"localhost"
							],
							"port": "8000",
							"path": [
								"api",
								"employees"
							],
							"query": [
								{
									"key": "user",
									"value": "true"
								}
							]
						}
					},
					"response": []
				},
				{
					"name": "Ger employees query BADGES",
					"request": {
						"method": "GET",
						"header": [],
						"url": {
							"raw": "http://localhost:8000/api/employees?badges=orange",
							"protocol": "http",
							"host": [
								"localhost"
							],
							"port": "8000",
							"path": [
								"api",
								"employees"
							],
							"query": [
								{
									"key": "badges",
									"value": "orange"
								}
							]
						}
					},
					"response": []
				}
			]
		}
	]
}